{"cameraMode":{"drawMode":0,"name":"Shaded","section":"Shading Mode"},"sceneLighting":true,"audioPlay":false,"sceneViewState":{"m_AlwaysRefresh":false,"showFog":true,"showSkybox":true,"showFlares":true,"showImageEffects":true,"showParticleSystems":true,"showVisualEffectGraphs":true,"m_FxEnabled":true},"in2DMode":false,"pivot":{"x":0.32414722442626955,"y":-1.4519073963165284,"z":7.284415245056152},"rotation":{"x":0.03451349958777428,"y":0.12856043875217439,"z":-0.004476609639823437,"w":0.9910930395126343},"size":8.48386001586914,"orthographic":false}